orgnr,sektor,primærnæring,størrelse
311991531,3,42.110,ENORM
315889596,3,42.110,ENORM
314863720,3,49.320,ENORM
315148820,3,10.130,ENORM
311879758,3,10.209,ENORM
311554859,3,86.221,STOR
315295769,3,49.320,STOR
315371333,3,88.911,STOR
312377349,3,86.907,STOR
315826853,3,87.102,STOR
315151449,3,86.101,STOR
315557011,3,41.200,STOR
315884160,3,41.200,STOR
311546058,3,42.910,STOR
311866745,3,88.911,STOR
315849306,3,49.410,STOR
311619640,2,14.190,STOR
211607122,3,14.130,STOR
311619551,2,14.190,STOR
311856073,3,49.320,STOR
311956302,3,42.110,STOR
311297732,3,49.320,STOR
312339560,3,49.320,STOR
311331663,3,49.410,STOR
314644972,3,42.110,STOR
315347920,3,49.410,STOR
312308045,3,49.320,STOR
314577418,2,87.102,STOR
315120101,3,49.200,STOR
315792657,3,49.320,STOR
315906563,3,41.109,MEDIUM
315120187,3,49.200,MEDIUM
311218050,3,49.410,MEDIUM
315035945,3,41.200,MEDIUM
314580621,3,42.110,MEDIUM
311576070,3,49.320,MEDIUM
315431557,3,10.710,MEDIUM
311677594,3,88.911,MEDIUM
311404318,3,49.410,MEDIUM
311837192,3,86.211,MEDIUM
211315792,3,42.220,MEDIUM
314651936,3,86.230,MEDIUM
314681770,3,87.302,MEDIUM
315896126,3,49.320,MEDIUM
311608207,3,49.410,MEDIUM
315116791,2,49.100,MEDIUM
311674196,3,86.101,MEDIUM
315276411,2,87.302,MEDIUM
214751232,3,49.320,MEDIUM
315201314,3,41.200,MEDIUM
311659960,2,87.203,MEDIUM
314554329,3,41.101,MEDIUM
315218144,3,41.109,MEDIUM
311655183,3,86.223,MEDIUM
312296160,2,88.911,MEDIUM
315782511,3,49.410,MEDIUM
211628022,3,42.110,MEDIUM
314488075,1,14.190,MEDIUM
314557220,3,86.903,MEDIUM
315217008,3,88.911,MEDIUM
315365236,3,87.901,MEDIUM
314537939,2,88.911,MEDIUM
314692306,3,86.902,MEDIUM
314505352,3,41.200,MEDIUM
315857112,3,49.410,MEDIUM
315431492,3,10.710,MEDIUM
314833708,3,41.200,MEDIUM
315906806,2,14.390,MEDIUM
312362899,3,10.510,MEDIUM
311672568,3,86.901,MEDIUM
314570022,3,42.110,MEDIUM
315391199,3,86.230,MEDIUM
311358081,3,41.200,MEDIUM
314398963,3,41.200,MEDIUM
315834031,3,11.050,MEDIUM
315201462,3,49.410,MEDIUM
314683749,3,88.911,MEDIUM
311619675,2,14.190,MEDIUM
314885546,3,10.710,MEDIUM
311408062,3,49.391,MEDIUM
311618008,3,49.410,MEDIUM
315721857,3,49.410,MEDIUM
311619632,3,14.190,MEDIUM
311542451,2,14.120,MEDIUM
215222322,3,49.410,MEDIUM
315435218,3,10.202,MEDIUM
311430300,3,49.392,MEDIUM
211619562,2,14.190,MEDIUM
315363454,3,86.221,MEDIUM
315152658,2,86.224,MEDIUM
311619667,3,14.190,MEDIUM
314881117,3,49.410,MEDIUM
215839842,3,49.320,MEDIUM
314502353,3,86.221,MEDIUM
211419482,3,49.320,MEDIUM
314633725,3,88.911,MEDIUM
211597992,2,14.130,MEDIUM
211882662,3,42.110,MEDIUM
311655639,2,87.302,MEDIUM
311977563,3,42.110,MEDIUM
214857812,3,41.200,MEDIUM
314645669,3,87.203,MEDIUM
314645332,2,86.901,MEDIUM
314563441,3,49.410,MEDIUM
315605512,3,49.410,MEDIUM
314913590,3,41.109,MEDIUM
314777425,3,49.410,MEDIUM
311400940,3,86.901,MEDIUM
314952413,3,49.320,MEDIUM
314556445,2,88.993,MEDIUM
311619659,3,14.190,MEDIUM
314913507,3,49.410,MEDIUM
315008220,3,10.390,MEDIUM
315081025,3,86.909,MEDIUM
314568974,3,41.200,MEDIUM
211315822,3,42.220,MEDIUM
214623102,1,88.911,MEDIUM
311653261,3,88.911,MEDIUM
311430017,3,49.391,MEDIUM
311886916,3,41.200,MEDIUM
315407079,3,10.411,MEDIUM
311415662,3,87.304,MEDIUM
315483085,3,88.911,MEDIUM
311673289,3,86.907,MEDIUM
314423666,3,10.710,MEDIUM
315809134,2,88.911,MEDIUM
312127865,3,10.710,MEDIUM
315277310,3,87.302,MEDIUM
314687884,0,86.901,MEDIUM
311874411,3,87.101,MEDIUM
314576519,3,88.911,MEDIUM
311315978,3,42.220,MEDIUM
311496875,3,49.410,MEDIUM
311637533,3,49.392,MEDIUM
314459008,3,49.410,MEDIUM
315230667,3,49.410,MEDIUM
211452692,3,42.110,MEDIUM
312079240,1,88.911,MEDIUM
314481836,3,41.109,MEDIUM
314564448,2,86.903,MEDIUM
311503219,3,10.710,MEDIUM
311392530,3,10.820,MEDIUM
315421837,3,49.410,MEDIUM
311494155,3,86.211,MEDIUM
311400401,3,49.410,MEDIUM
314915976,3,49.320,MEDIUM
214644282,3,42.110,MEDIUM
314513649,3,41.200,MEDIUM
314643658,3,42.110,MEDIUM
312059924,3,87.901,MEDIUM
314973658,3,41.200,LITEN
312013193,3,88.911,LITEN
311403516,2,87.203,LITEN
311247360,3,14.130,LITEN
315001161,3,49.320,LITEN
315276675,3,87.901,LITEN
311619586,2,14.190,LITEN
311619535,2,14.190,LITEN
315570441,3,49.410,LITEN
315263956,3,14.390,LITEN
315119405,3,49.200,LITEN
315137055,3,49.410,LITEN
311999427,3,88.911,LITEN
315153565,3,86.907,LITEN
315577187,3,86.230,LITEN
315935016,3,49.410,LITEN
315876087,2,10.710,LITEN
314689364,3,87.102,LITEN
315178940,3,49.392,LITEN
311632582,1,49.410,LITEN
315223776,3,49.100,LITEN
314698126,2,88.911,LITEN
315585678,3,14.130,LITEN
314817478,3,49.410,LITEN
315826586,3,49.392,LITEN
314650441,3,87.302,LITEN
315668050,3,10.390,LITEN
314986172,3,10.710,LITEN
215789802,3,41.200,LITEN
315569648,3,42.110,LITEN
314852818,3,41.200,LITEN
315108640,3,88.911,LITEN
315053056,3,49.320,LITEN
311619624,3,14.190,LITEN
315336511,3,49.320,LITEN
311653245,1,88.911,LITEN
311981455,0,86.903,LITEN
311565559,3,41.200,LITEN
311994867,3,87.203,LITEN
311924516,3,49.320,LITEN
315368936,3,49.410,LITEN
314985370,3,10.710,LITEN
315462053,3,41.200,LITEN
315442257,3,49.320,LITEN
311995839,3,87.304,LITEN
311479911,3,49.320,LITEN
214490692,3,10.710,LITEN
315148502,3,86.907,LITEN
314621875,3,86.903,LITEN
315044154,3,49.410,LITEN
312301636,3,49.410,LITEN
311648470,3,88.911,LITEN
311998412,1,88.911,LITEN
314826841,3,45.200,LITEN
315230519,3,10.890,LITEN
311385399,1,49.410,LITEN
211524162,3,49.410,LITEN
311584006,3,42.110,LITEN
314714172,3,42.110,LITEN
311392999,2,49.320,LITEN
211836512,3,88.911,LITEN
311242784,3,49.410,LITEN
314564871,3,86.103,LITEN
314939069,3,49.410,LITEN
311423231,3,49.410,LITEN
312009498,3,86.211,LITEN
311251198,3,49.420,LITEN
311646850,3,49.410,LITEN
315563046,3,42.910,LITEN
314479629,3,41.200,LITEN
211860022,3,49.410,LITEN
214435152,3,49.410,LITEN
311957686,3,87.302,LITEN
314700538,3,87.302,LITEN
311619543,2,14.190,LITEN
315158451,3,49.320,LITEN
311619608,2,14.190,LITEN
314791320,3,41.200,LITEN
211998822,3,88.911,LITEN
315108500,3,88.911,LITEN
314985176,3,10.209,LITEN
314925025,2,14.130,LITEN
315116856,3,49.100,LITEN
314712978,3,42.110,LITEN
315147387,2,86.224,LITEN
314569598,1,86.211,LITEN
311893742,3,41.200,LITEN
315149657,3,86.907,LITEN
314848551,3,41.200,LITEN
315087139,3,41.200,LITEN
311619578,2,14.190,LITEN
315373263,3,42.220,LITEN
311872850,1,88.911,LITEN
312001969,3,86.230,LITEN
315173272,3,49.320,LITEN
311512870,3,49.320,LITEN
311619594,1,14.190,LITEN
214779412,3,49.392,LITEN
315728037,2,49.410,LITEN
211517182,3,49.410,LITEN
314712250,3,42.110,LITEN
314660978,2,88.911,LITEN
312141922,3,10.202,LITEN
311619616,3,14.190,LITEN
312144700,1,88.911,LITEN
314549805,3,41.101,LITEN
314857968,3,49.311,LITEN
314683765,2,88.911,LITEN
315469554,3,14.390,LITEN
315223725,3,49.100,LITEN
311849344,1,88.911,LITEN
311430238,3,49.391,LITEN
315608708,3,49.200,LITEN
315487293,3,10.610,LITEN
311358790,2,14.130,LITEN
315176034,0,49.410,LITEN
311527002,3,49.320,LITEN
311957759,2,87.203,LITEN
311874721,2,87.302,LITEN
311360663,3,49.410,LITEN
314933117,3,49.410,LITEN
211626682,0,42.220,LITEN
315169674,3,42.110,LITEN
311510088,3,49.410,LITEN
315032229,3,49.410,LITEN
311646176,3,41.200,LITEN
314698185,3,87.203,LITEN
314600991,3,87.302,LITEN
314690621,3,87.102,LITEN
311480405,3,10.209,LITEN
314512782,3,41.200,LITEN
311515160,3,49.410,LITEN
215767272,3,49.392,LITEN
315308429,3,49.410,LITEN
315051177,3,49.320,LITEN
314646614,3,86.211,LITEN
315823676,3,49.320,LITEN
314559991,3,42.110,LITEN
315912415,3,49.410,LITEN
311445596,3,14.130,LITEN
315829062,3,87.101,LITEN
311545795,3,87.101,LITEN
312679671,3,87.101,LITEN
315579430,3,10.010,LITEN
210137602,3,46.494,LITEN
311211862,3,71.129,LITEN
214468522,3,43.320,LITEN
311364170,3,01.300,LITEN
214620162,1,84.300,LITEN
314859464,3,46.180,LITEN
314625552,3,88.911,KNØTT
312323370,3,10.130,KNØTT
315100062,3,49.500,KNØTT
315431530,3,10.710,KNØTT
315469589,3,49.320,KNØTT
311412132,3,10.201,KNØTT
315276497,3,87.901,KNØTT
314685482,3,42.110,KNØTT
311842722,2,86.211,KNØTT
314770994,3,10.209,KNØTT
311848593,3,86.901,KNØTT
311652605,3,10.710,KNØTT
312007517,3,42.110,KNØTT
314595084,1,88.911,KNØTT
311263315,2,14.130,KNØTT
215272192,3,10.110,KNØTT
311214276,3,49.410,KNØTT
315280117,3,10.510,KNØTT
314565037,3,87.102,KNØTT
211980842,3,87.203,KNØTT
315152348,2,86.907,KNØTT
211921382,3,86.904,KNØTT
214767422,3,14.130,KNØTT
311851535,3,42.110,KNØTT
314691113,3,87.102,KNØTT
214687852,3,87.203,KNØTT
311959867,3,42.120,KNØTT
315738490,3,49.320,KNØTT
211560932,1,49.410,KNØTT
311836927,1,87.203,KNØTT
314625579,1,88.911,LITEN
314605527,2,88.911,LITEN
311434950,3,88.911,LITEN
314709659,1,88.911,LITEN
314623797,2,88.911,MEDIUM
311898094,3,88.911,MEDIUM
315267722,1,88.911,MEDIUM
311990187,2,88.911,LITEN
315381193,3,88.911,LITEN
311991426,1,88.911,LITEN
314681967,2,88.911,LITEN
314683099,3,88.911,MEDIUM
211653272,1,88.911,LITEN
314625536,2,88.911,LITEN
315267617,3,88.911,MEDIUM
314630769,1,88.911,MEDIUM
311873970,2,88.911,MEDIUM
315449340,3,88.911,LITEN
314800265,1,88.911,MEDIUM
314575989,2,88.911,LITEN
311675354,3,88.911,LITEN
312007991,1,88.911,LITEN
314595785,2,88.911,LITEN
311983350,3,88.911,LITEN
314625188,1,88.911,LITEN
311844393,2,88.911,LITEN
311662716,3,88.911,LITEN
311861409,1,88.911,LITEN
314703529,2,88.911,LITEN
211852992,3,88.911,LITEN
314661907,1,88.911,MEDIUM
315108020,2,88.911,LITEN
314704665,3,88.911,LITEN
311922106,1,88.911,LITEN
314621034,2,88.911,MEDIUM
315408156,3,88.911,MEDIUM
314698657,1,88.911,LITEN
314699890,2,88.911,LITEN
315408245,3,88.911,MEDIUM
311873008,1,88.911,LITEN
314611012,2,88.911,LITEN
314801628,3,88.911,LITEN
311999540,1,88.911,LITEN
311852876,2,88.911,LITEN
314575997,3,88.911,LITEN
314699378,1,88.911,LITEN
315267501,3,88.911,MEDIUM
314699084,1,88.911,LITEN
314555287,2,88.911,LITEN
314855744,1,62.020,MEDIUM
315796814,2,62.020,MEDIUM
312384809,3,62.010,MEDIUM
311302396,1,84.240,LITEN
315338573,2,62.010,LITEN
315530881,3,62.010,LITEN
311329227,2,62.010,LITEN
311828541,3,62.020,LITEN
315019419,1,62.010,LITEN
315124263,2,86.101,MEDIUM
314453816,3,62.010,LITEN
311208756,1,62.030,LITEN
314399838,2,62.020,LITEN
314433815,3,62.020,MEDIUM
315109973,1,62.020,LITEN
311350021,2,62.020,MEDIUM
315208270,3,62.020,MEDIUM
314935543,1,62.020,MEDIUM
311915290,2,62.010,LITEN
311276093,3,62.020,LITEN
311291424,1,62.020,LITEN
315269717,2,62.020,LITEN
314885570,3,62.020,LITEN
314895436,1,62.010,MEDIUM
312122847,2,62.010,LITEN
311902458,3,62.020,STOR
314860454,1,62.010,LITEN
315549787,2,62.020,STOR
315605296,3,62.010,LITEN
311608592,1,62.020,LITEN
311561898,2,62.010,LITEN
315238811,3,62.010,STOR
214433192,1,62.010,LITEN
315270553,2,62.010,MEDIUM
315055237,3,62.020,LITEN
215472922,1,62.020,LITEN
311491628,2,26.510,MEDIUM
311553143,3,62.020,LITEN
315083559,1,62.020,STOR
312368625,2,62.010,STOR
212321842,3,62.020,LITEN
311393359,1,62.010,LITEN
311278916,2,62.020,LITEN
311873997,3,88.911,LITEN
211672412,1,88.911,LITEN
314622871,2,88.911,MEDIUM
214683032,3,88.911,LITEN
314533933,1,88.911,LITEN
211990082,2,88.911,MEDIUM
314505719,3,88.911,MEDIUM
315380456,1,88.911,LITEN
315841976,2,88.911,LITEN
315439779,3,88.911,MEDIUM
312293358,1,88.911,LITEN
212143642,2,88.911,MEDIUM
314709497,3,88.911,LITEN
314599020,1,88.911,MEDIUM
315248639,2,88.911,LITEN
312327996,3,88.911,LITEN
314595920,1,88.911,LITEN
315547601,2,88.911,LITEN
311994891,3,88.911,LITEN
314528484,2,88.911,MEDIUM
314627652,3,88.911,MEDIUM
314623746,1,88.911,MEDIUM
315382394,2,88.911,MEDIUM
314663365,3,88.911,MEDIUM
314709071,1,88.911,LITEN
314619358,2,88.911,LITEN
314735773,3,88.911,MEDIUM
311837214,1,88.911,LITEN
314548825,2,88.911,LITEN
315153999,3,88.911,LITEN
311874322,1,88.911,MEDIUM
314587014,2,88.911,MEDIUM
311854615,3,88.911,MEDIUM
314560094,1,88.911,LITEN
315087570,2,88.911,MEDIUM
315742978,3,88.911,MEDIUM
314709314,1,88.911,MEDIUM
314578171,2,88.911,MEDIUM
314672313,3,88.911,LITEN
314708652,1,88.911,LITEN
214666812,2,88.911,MEDIUM
311485377,3,88.911,LITEN
314803043,1,88.911,MEDIUM
314613538,2,88.911,LITEN
312295903,3,88.911,MEDIUM
314703448,1,88.911,LITEN
314673115,2,88.911,MEDIUM
311997033,3,88.911,LITEN
311841688,1,88.911,MEDIUM
311965697,2,85.423,LITEN
311652613,3,01.620,LITEN
314918649,1,01.110,LITEN
315275164,2,01.471,LITEN
314602269,3,01.610,LITEN
315446848,1,01.410,LITEN
315160103,2,81.300,LITEN
312385120,3,01.620,LITEN
311456202,1,91.030,LITEN
315052580,2,01.130,LITEN
311642537,3,62.010,LITEN
311329235,1,62.010,LITEN
314900057,2,62.010,LITEN
311577182,3,62.020,MEDIUM
314405161,1,62.020,LITEN
314412052,2,62.020,LITEN
314981022,3,62.020,MEDIUM
315411718,1,62.020,LITEN
315441137,2,62.020,LITEN
211302372,3,84.240,LITEN
214983842,1,62.030,LITEN
314920791,2,62.020,LITEN
312365286,3,62.020,LITEN
315531519,1,62.020,LITEN
311953869,2,62.020,LITEN
311871579,3,62.010,STOR
315314623,1,62.010,MEDIUM
315807700,2,62.010,STOR
315833779,3,62.030,LITEN
314779134,1,62.020,MEDIUM
314444086,2,62.030,LITEN
311632493,3,62.010,LITEN
214424762,1,62.010,LITEN
311302361,2,84.240,LITEN
314989791,3,62.010,MEDIUM
314866487,1,62.010,LITEN
315908043,2,62.020,LITEN
311343742,3,62.020,MEDIUM
315572800,1,62.010,LITEN
315233968,2,62.010,MEDIUM
312143089,3,62.020,STOR
315880858,1,62.020,MEDIUM
315840864,2,62.010,LITEN
215855872,3,62.010,LITEN
311337521,1,62.010,LITEN
314479904,2,62.020,LITEN
211367032,3,62.010,LITEN
311605178,1,62.010,MEDIUM
314743016,2,62.010,LITEN
315377196,3,62.020,LITEN
315341779,1,88.911,LITEN
314574478,2,88.911,LITEN
314478479,3,88.911,LITEN
311608967,1,88.911,LITEN
315267455,2,88.911,MEDIUM
311672487,3,88.911,MEDIUM
314683048,1,88.911,LITEN
314527186,2,88.911,MEDIUM
315917239,3,88.911,LITEN
314670906,1,88.911,MEDIUM
215213102,2,88.911,LITEN
311993860,3,88.911,MEDIUM
311852558,1,88.911,LITEN
315868890,2,88.911,MEDIUM
311852264,3,88.911,LITEN
311873814,1,88.911,LITEN
315150310,2,88.911,LITEN
314536533,3,88.911,LITEN
314666208,1,88.911,LITEN
314662040,2,88.911,LITEN
315196469,3,88.911,LITEN
211662522,1,88.911,LITEN
311889249,2,88.911,LITEN
311680099,3,88.911,LITEN
315223067,1,88.911,LITEN
211845732,2,88.911,MEDIUM
315165210,3,88.911,MEDIUM
314846958,1,88.911,LITEN
312009579,2,88.911,MEDIUM
311837699,3,88.911,LITEN
314684370,1,88.911,LITEN
311602969,2,88.911,MEDIUM
311843478,3,88.911,MEDIUM
314603591,1,88.911,MEDIUM
312358557,2,88.911,LITEN
315003652,3,88.911,MEDIUM
212324132,1,88.911,MEDIUM
314564650,2,88.911,LITEN
314661427,3,88.911,LITEN
314800133,1,88.911,MEDIUM
314682114,2,88.911,LITEN
315901332,3,88.911,MEDIUM
314580435,1,88.911,LITEN
211964952,2,88.911,MEDIUM
314597346,3,88.911,LITEN
212295922,1,88.911,LITEN
315108454,2,88.911,MEDIUM
311873296,3,88.911,MEDIUM
314559010,1,88.911,LITEN
314703871,2,88.911,MEDIUM
214841592,3,01.620,LITEN
215060632,1,01.130,LITEN
315126509,2,01.610,LITEN
311650866,3,01.130,MEDIUM
315841054,1,01.410,LITEN
314493966,2,01.110,LITEN
315206944,3,01.620,MEDIUM
311309552,1,01.110,MEDIUM
315513707,2,01.190,LITEN
314835387,3,43.120,LITEN
315530873,1,01.250,MEDIUM
314799526,2,01.410,LITEN
312376571,3,01.610,MEDIUM
311647466,1,01.190,LITEN
314407423,2,01.460,LITEN
314893409,3,01.460,LITEN
311524305,1,01.410,LITEN
314405064,2,01.190,LITEN
315286646,3,01.452,LITEN
311922157,1,01.451,LITEN
314613805,2,88.999,LITEN
315511895,3,01.479,LITEN
314936701,1,01.130,LITEN
314913515,2,01.300,LITEN
211583932,3,01.479,LITEN
314769457,1,01.451,LITEN
312365537,2,62.020,LITEN
311374354,3,62.020,LITEN
214569892,1,62.030,LITEN
315510872,2,62.010,LITEN
311681702,3,62.010,LITEN
315484766,1,62.020,LITEN
314942841,2,62.010,LITEN
311939939,3,62.010,LITEN
311535072,1,62.020,LITEN
315771439,2,62.020,LITEN
315060427,3,62.020,LITEN
314451910,1,62.010,LITEN
311518550,2,62.020,STOR
315778522,3,62.020,MEDIUM
311871862,1,62.020,LITEN
315895618,2,62.020,MEDIUM
311554026,3,62.020,LITEN
314993128,1,62.020,LITEN
315658993,2,62.010,MEDIUM
312330261,3,62.010,LITEN
314864441,1,62.010,MEDIUM
312315491,2,62.020,LITEN
314777654,3,62.010,LITEN
211617292,1,62.010,LITEN
315700914,2,62.010,LITEN
315532329,3,62.020,LITEN
211663162,1,62.020,LITEN
315708214,2,62.020,MEDIUM
315110416,3,62.020,LITEN
315322537,1,62.020,LITEN
311353519,2,62.020,LITEN
311984241,3,62.010,LITEN
311577174,1,62.020,MEDIUM
315558263,2,62.010,LITEN
311241559,3,62.010,MEDIUM
315501318,1,86.101,STOR
315022649,2,62.010,LITEN
311966723,3,62.020,LITEN
315435803,1,62.010,LITEN
315615852,1,01.130,LITEN
314978420,2,01.110,LITEN
314867106,3,01.130,STOR
314510925,1,11.050,LITEN
315056284,2,01.479,LITEN
211541792,3,01.452,LITEN
314892186,1,01.410,LITEN
314815092,2,01.110,LITEN
315700361,3,01.240,LITEN
315488249,1,01.410,LITEN
315538602,2,01.130,LITEN
315293049,3,01.110,LITEN
311414607,1,01.130,LITEN
314402138,2,01.451,LITEN
314602250,3,01.610,LITEN
315170559,1,01.240,LITEN
315216931,2,01.451,LITEN
311545728,3,01.500,LITEN
315555914,1,01.110,LITEN
315556139,2,01.460,LITEN
311914960,3,08.111,LITEN
315450047,1,08.120,LITEN
315070279,2,08.120,LITEN
311905090,3,08.112,LITEN
315251443,1,08.120,LITEN
314466500,2,08.990,MEDIUM
315145848,3,03.211,LITEN
314571215,1,03.211,MEDIUM
314569369,2,03.211,MEDIUM
315341922,3,03.211,LITEN
312142163,1,03.222,MEDIUM
315349451,2,03.211,MEDIUM
315341213,3,03.222,LITEN
311588729,1,03.211,LITEN
314841484,2,03.111,LITEN
311210505,3,03.213,LITEN
312301458,1,03.212,LITEN
314797264,2,03.222,LITEN
314571029,3,03.211,LITEN
311377086,1,03.111,LITEN
315030803,2,03.222,LITEN
314750276,3,03.111,LITEN
311924281,1,03.111,MEDIUM
315634792,2,03.211,LITEN
315341965,3,03.211,MEDIUM
312301407,1,03.211,LITEN
311374346,2,62.020,MEDIUM
311966480,3,86.101,LITEN
315855713,1,62.020,LITEN
315047765,2,62.020,MEDIUM
314860462,3,62.010,LITEN
311604686,1,62.010,LITEN
311307754,2,62.010,LITEN
315216524,3,62.010,MEDIUM
311584316,1,62.010,LITEN
314528182,2,62.020,STOR
215460592,3,62.020,LITEN
315460603,1,62.020,LITEN
314707109,2,88.911,LITEN
214579642,3,88.911,LITEN
311998439,1,88.911,MEDIUM
312012332,2,88.911,MEDIUM
312340895,3,88.911,LITEN
311680625,1,88.911,LITEN
314576012,2,88.911,LITEN
314561821,3,88.911,LITEN
314615719,1,88.911,LITEN
314621948,2,88.911,LITEN
312300656,3,88.911,LITEN
315408199,1,88.911,MEDIUM
311864610,2,88.911,LITEN
311999001,3,88.911,LITEN
314672755,1,88.911,LITEN
312013576,2,88.911,MEDIUM
314595955,3,88.911,LITEN
312144107,1,88.911,LITEN
314662113,2,88.911,MEDIUM
311836528,3,88.911,LITEN
314634519,1,88.911,LITEN
311664042,2,88.911,MEDIUM
214634732,3,88.911,MEDIUM
311942220,1,88.911,LITEN
311836641,2,88.911,LITEN
311873938,3,88.911,MEDIUM
311854755,1,88.911,LITEN
312146533,2,88.911,MEDIUM
314697782,3,88.911,LITEN
311980793,1,88.911,LITEN
314616677,2,88.911,MEDIUM
314572270,3,88.911,LITEN
314572890,1,88.911,LITEN
314629884,2,88.911,MEDIUM
312303426,3,88.911,LITEN
214707012,1,88.911,LITEN
314501039,2,88.911,LITEN
314616316,3,88.911,LITEN
314704673,1,88.911,MEDIUM
311990047,2,88.911,MEDIUM
314673832,3,88.911,LITEN
314619323,1,88.911,LITEN
314585003,2,88.911,LITEN
315222087,3,88.911,MEDIUM
314699351,1,88.911,LITEN
314682246,2,88.911,LITEN
311396501,3,88.911,LITEN
314615425,1,88.911,MEDIUM
314668588,2,88.911,LITEN
211842342,3,88.911,MEDIUM
311462555,1,01.500,LITEN
315691699,2,75.000,LITEN
314746902,3,01.471,LITEN
315171032,1,01.410,LITEN
214443392,2,01.410,LITEN
314802128,3,01.410,LITEN
315513553,1,01.130,LITEN
314939204,2,01.460,LITEN
315255686,3,01.410,LITEN
311626191,1,01.490,LITEN
315941709,2,06.100,MEDIUM
312025469,3,06.100,MEDIUM
315404533,1,02.200,LITEN
315125952,2,02.400,LITEN
314912357,3,62.020,MEDIUM
211335122,1,62.020,MEDIUM
311624652,2,62.010,LITEN
214928752,3,62.010,LITEN
311230980,1,62.010,LITEN
311983954,2,62.020,LITEN
314432789,3,62.090,LITEN
214926512,1,62.020,LITEN
315752965,2,62.020,LITEN
315732697,3,62.010,LITEN
315721121,1,62.010,LITEN
311273191,2,62.020,MEDIUM
315501326,3,86.101,MEDIUM
314915232,1,62.010,LITEN
315399572,2,62.010,LITEN
315120888,3,62.020,MEDIUM
315127645,1,62.020,LITEN
315124271,2,86.101,MEDIUM
311545469,3,62.010,LITEN
312316633,1,62.020,LITEN
315256968,2,62.010,LITEN
315596580,3,62.010,LITEN
311630784,1,62.020,MEDIUM
315328772,2,62.020,MEDIUM
315099161,3,62.030,LITEN
315741238,1,62.010,LITEN
315010276,2,62.010,LITEN
315233232,3,62.020,MEDIUM
311232916,1,62.010,LITEN
311984225,2,62.010,MEDIUM
311491393,3,62.020,LITEN
314856414,1,62.020,MEDIUM
314488121,2,62.010,LITEN
311251031,3,62.030,LITEN
315001102,1,62.020,LITEN
314473558,2,62.010,LITEN
315259622,3,62.020,LITEN
311576976,1,62.010,MEDIUM
311422448,2,62.020,LITEN
315902738,3,62.010,LITEN
315929555,1,62.020,LITEN
311307622,2,62.010,LITEN
311940147,3,62.020,MEDIUM
315712491,1,62.010,LITEN
214917092,2,62.030,LITEN
311577190,3,62.020,LITEN
315883458,1,62.020,STOR
314477847,2,62.010,LITEN
314916069,3,62.010,LITEN
311671774,1,62.010,MEDIUM
315489008,2,62.020,LITEN
315304458,3,62.020,LITEN
315935679,1,62.020,LITEN
314625633,2,88.911,LITEN
211361042,3,88.911,LITEN
314707001,1,88.911,LITEN
311682210,2,88.911,LITEN
315380529,3,88.911,LITEN
314563204,1,88.911,MEDIUM
314533755,2,88.911,LITEN
311873253,3,88.911,LITEN
315533783,1,88.911,LITEN
314698711,2,88.911,LITEN
312023563,3,88.911,MEDIUM
214534592,1,88.911,LITEN
311904213,2,88.911,LITEN
314662067,3,88.911,MEDIUM
311873873,1,88.911,MEDIUM
315543886,2,88.911,MEDIUM
314707338,3,88.911,LITEN
315309638,1,88.911,MEDIUM
315538521,2,88.911,MEDIUM
314599101,3,88.911,MEDIUM
314469844,1,88.911,LITEN
315178193,2,88.911,MEDIUM
314524896,3,88.911,MEDIUM
314663780,1,88.911,MEDIUM
314824237,2,88.911,MEDIUM
315933331,3,88.911,LITEN
314664035,1,88.911,LITEN
211874082,2,88.911,LITEN
314666453,3,88.911,MEDIUM
311874233,1,88.911,LITEN
311419080,2,88.911,LITEN
312005867,3,88.911,MEDIUM
314697278,1,88.911,LITEN
314683161,2,88.911,LITEN
314555473,3,88.911,LITEN
314674154,1,88.911,MEDIUM
311392034,2,88.911,LITEN
314478428,3,88.911,MEDIUM
314665961,2,88.911,LITEN
314613546,3,88.911,LITEN
211225432,1,88.911,LITEN
311887270,2,88.911,LITEN
311997394,3,88.911,MEDIUM
314558200,1,88.911,LITEN
314669584,2,88.911,LITEN
311835793,3,88.911,LITEN
311219480,1,88.911,LITEN
312007908,2,88.911,LITEN
314623800,3,88.911,MEDIUM
314934245,1,62.020,STOR
314384261,2,62.020,LITEN
315801494,3,62.030,MEDIUM
315645565,1,62.010,LITEN
314444329,2,62.020,LITEN
311445820,3,62.020,MEDIUM
315031877,1,62.020,LITEN
215741222,2,62.010,LITEN
312143097,3,62.020,LITEN
311316850,1,62.010,LITEN
314878078,2,62.020,MEDIUM
315338220,3,62.020,MEDIUM
315272122,1,10.110,MEDIUM
315123011,2,62.010,LITEN
311286471,3,62.010,LITEN
315031834,1,62.020,STOR
311961667,2,62.020,LITEN
315072727,3,62.020,LITEN
315715296,1,62.010,LITEN
315338131,2,62.020,LITEN
315336546,3,62.010,LITEN
314817397,1,62.020,LITEN
311539418,2,62.010,LITEN
315849055,3,62.020,MEDIUM
315099153,1,62.030,LITEN
315710790,2,62.010,MEDIUM
315446325,3,62.010,LITEN
214522152,1,62.020,MEDIUM
314410432,2,62.010,LITEN
311664565,3,62.020,LITEN
315125006,1,86.101,MEDIUM
311432192,2,62.010,LITEN
311828533,3,62.020,LITEN
315914868,1,62.020,LITEN
314434226,2,62.010,LITEN
311225758,3,62.010,LITEN
311287974,1,62.020,LITEN
314982258,2,62.020,LITEN
311591134,3,62.020,LITEN
315016053,1,62.010,MEDIUM
314942493,2,62.010,LITEN
311883518,3,62.020,LITEN
314778634,1,62.020,MEDIUM
315021030,2,62.010,MEDIUM
315715172,3,62.010,LITEN
315449316,1,62.020,MEDIUM
315867886,2,62.010,LITEN
311474332,3,62.020,LITEN
311929399,1,62.010,LITEN
315693896,2,62.020,LITEN
315943701,3,62.010,MEDIUM
314596692,1,88.911,MEDIUM
311874268,2,88.911,LITEN
315237734,3,88.911,LITEN
315431220,1,88.911,LITEN
311573128,2,88.911,MEDIUM
314667298,3,88.911,LITEN
314528670,1,88.911,LITEN
311441221,2,88.911,LITEN
314799992,3,88.911,MEDIUM
314929047,1,88.911,MEDIUM
314635531,2,88.911,LITEN
314697146,3,88.911,LITEN
315108578,1,88.911,LITEN
311997408,2,88.911,LITEN
314626680,3,88.911,LITEN
314705068,1,88.911,LITEN
211852542,2,88.911,LITEN
311484583,3,88.911,MEDIUM
311629360,1,88.911,MEDIUM
314595858,2,88.911,MEDIUM
311842838,3,88.911,LITEN
314706110,1,88.911,LITEN
315295734,2,88.911,LITEN
315199190,3,88.911,LITEN
311995626,1,88.911,LITEN
314708237,2,88.911,LITEN
214708612,3,88.911,MEDIUM
314668235,1,88.911,MEDIUM
311324330,2,88.911,LITEN
311872419,3,88.911,LITEN
315109175,1,88.911,MEDIUM
314683307,2,88.911,LITEN
314603540,3,88.911,MEDIUM
312297787,1,88.911,MEDIUM
314700694,2,88.911,MEDIUM
311987615,3,88.911,LITEN
315917670,1,88.911,LITEN
314616561,2,88.911,LITEN
314925491,3,88.911,LITEN
314665007,1,88.911,MEDIUM
314672704,2,88.911,MEDIUM
214631172,3,88.911,LITEN
314632656,1,88.911,MEDIUM
314551680,2,88.911,LITEN
311838415,3,88.911,MEDIUM
314628462,1,88.911,MEDIUM
311934945,2,88.911,MEDIUM
215307352,3,88.911,LITEN
314623827,1,88.911,LITEN
314540743,2,88.911,LITEN
214936852,3,62.010,LITEN
315501342,1,86.101,MEDIUM
314798473,2,62.020,LITEN
311227386,3,62.020,LITEN
314438779,1,62.020,LITEN
315826357,2,62.020,LITEN
211374292,3,62.020,LITEN
315120284,1,62.010,MEDIUM
311350013,2,62.020,LITEN
311232606,3,62.020,MEDIUM
211541652,1,62.020,LITEN
215882772,2,62.010,MEDIUM
315017823,3,62.010,LITEN
311221795,1,62.010,LITEN
211916192,2,62.020,LITEN
315418135,3,62.020,MEDIUM
311883526,1,62.020,LITEN
315173280,2,62.020,LITEN
311213288,3,62.020,LITEN
311256653,1,62.020,LITEN
211374322,2,62.020,LITEN
315272130,3,10.110,LITEN
214403862,1,62.020,LITEN
311575929,2,62.020,LITEN
314419197,3,62.020,LITEN
315904560,1,62.020,LITEN
315133440,2,62.020,MEDIUM
314888812,3,62.020,LITEN
314780345,1,62.010,LITEN
315124247,2,86.101,STOR
315877296,3,62.010,LITEN
311628801,1,62.010,LITEN
315612748,2,62.020,LITEN
311577034,3,62.010,LITEN
314787161,1,62.020,LITEN
314944283,2,62.020,LITEN
311558412,3,62.010,LITEN
315546036,1,62.010,MEDIUM
311394002,2,62.010,LITEN
314403657,3,62.010,MEDIUM
211875372,1,62.020,LITEN
311245414,2,62.020,LITEN
311496808,3,62.010,LITEN
314972775,1,62.020,MEDIUM
311569465,2,62.020,STOR
315373549,3,62.020,LITEN
315015863,1,62.030,MEDIUM
314492293,2,62.020,LITEN
311577158,3,62.020,MEDIUM
311529145,1,62.010,LITEN
315755336,2,88.911,MEDIUM
315477735,3,88.911,LITEN
314783174,1,88.911,LITEN
312013215,2,88.911,LITEN
314578104,3,88.911,LITEN
312296101,1,88.911,LITEN
311874276,2,88.911,MEDIUM
314683137,3,88.911,LITEN
314925459,1,88.911,MEDIUM
314668146,2,88.911,LITEN
311839403,3,88.911,LITEN
315653487,1,88.911,LITEN
211434902,2,88.911,LITEN
312345447,3,88.911,MEDIUM
314629655,1,88.911,LITEN
311874012,2,88.911,MEDIUM
314427165,3,88.911,MEDIUM
314904036,1,88.911,LITEN
311945165,2,88.911,LITEN
311994581,3,88.911,MEDIUM
315330815,1,88.911,LITEN
312007932,2,88.911,LITEN
311852280,3,88.911,LITEN
314705483,1,88.911,LITEN
314631269,2,88.911,LITEN
315179289,3,88.911,LITEN
311872869,1,88.911,LITEN
314670299,2,88.911,LITEN
314697960,3,88.911,MEDIUM
311991582,1,88.911,LITEN
312295970,2,88.911,LITEN
314564219,3,88.911,MEDIUM
314581326,1,88.911,LITEN
314631366,2,88.911,LITEN
211872462,3,88.911,LITEN
314572904,1,88.911,LITEN
311840789,2,88.911,LITEN
314709756,3,88.911,LITEN
311419099,1,88.911,LITEN
314700090,2,88.911,MEDIUM
315883687,3,88.911,MEDIUM
215525902,1,88.911,MEDIUM
314700708,2,88.911,LITEN
315336325,3,88.911,MEDIUM
314637062,1,88.911,LITEN
314637070,2,88.911,LITEN
314595211,3,88.911,LITEN
315355974,1,88.911,MEDIUM
311852906,2,88.911,LITEN
311983342,3,88.911,LITEN
215124282,1,86.101,LITEN
315628113,2,62.010,LITEN
311957236,3,62.010,MEDIUM
315355958,1,62.020,MEDIUM
314461290,2,62.020,LITEN
314887654,3,62.010,MEDIUM
214738902,1,62.010,LITEN
215929302,2,62.020,MEDIUM
312368633,3,62.020,LITEN
311916203,1,62.020,MEDIUM
311312537,2,62.020,MEDIUM
314854829,3,62.020,LITEN
214855682,1,62.020,LITEN
312321181,2,62.020,MEDIUM
311865854,3,62.010,LITEN
311275488,1,62.030,MEDIUM
314877853,2,62.020,LITEN
211630582,3,62.010,LITEN
311966456,1,86.101,STOR
314479343,2,62.030,LITEN
315130263,3,62.010,LITEN
315031869,1,62.020,MEDIUM
315880408,2,62.020,LITEN
315341612,3,62.010,LITEN
315126770,1,62.020,MEDIUM
315132592,2,62.020,LITEN
315086035,3,62.020,LITEN
314900650,1,58.290,STOR
315422957,2,62.020,LITEN
311292005,3,62.020,LITEN
314839781,1,62.020,MEDIUM
314493893,2,62.010,LITEN
211259272,3,62.010,LITEN
315338476,1,62.020,LITEN
314828984,2,62.020,LITEN
311215744,3,62.010,LITEN
314432746,1,62.020,LITEN
312341514,2,62.010,LITEN
311641964,3,62.020,STOR
311619462,1,62.020,LITEN
315489075,2,62.010,LITEN
315456266,3,62.030,LITEN
311826638,1,62.010,LITEN
311303767,2,62.020,LITEN
312316501,3,62.010,LITEN
311898299,1,62.010,LITEN
315208289,2,62.020,LITEN
311529137,3,62.010,LITEN
314833813,1,62.020,LITEN
311973908,2,62.010,LITEN
311580469,3,88.911,MEDIUM
311597051,1,88.911,MEDIUM
314675215,2,88.911,LITEN
314879252,3,88.911,LITEN
314622197,1,88.911,MEDIUM
315306663,2,88.911,LITEN
314634365,3,88.911,MEDIUM
214583372,1,88.911,MEDIUM
314533976,2,88.911,LITEN
311605747,3,88.911,LITEN
215512002,1,88.911,MEDIUM
314635361,2,88.911,MEDIUM
315109256,3,88.911,MEDIUM
311915371,1,88.911,MEDIUM
311836366,2,88.911,LITEN
314682092,3,88.911,LITEN
311888269,1,88.911,LITEN
311874314,2,88.911,MEDIUM
314633180,3,88.911,LITEN
315451477,1,88.911,LITEN
311838229,2,88.911,LITEN
315201373,3,88.911,LITEN
314800281,1,88.911,MEDIUM
311964682,2,88.911,MEDIUM
311223747,3,88.911,LITEN
311852868,1,88.911,LITEN
314638336,3,88.911,LITEN
311956647,1,88.911,LITEN
314697839,2,88.911,LITEN
314564537,3,88.911,MEDIUM
314626745,1,88.911,MEDIUM
312371626,2,88.911,MEDIUM
312297736,3,88.911,LITEN
315108012,1,88.911,LITEN
311853171,2,88.911,LITEN
311455575,3,88.911,LITEN
311985353,1,88.911,LITEN
314478436,2,88.911,LITEN
311989278,3,88.911,LITEN
314666569,1,88.911,LITEN
314667026,2,88.911,LITEN
311873024,3,88.911,LITEN
311674560,1,88.911,LITEN
311653385,2,88.911,LITEN
314476999,3,88.911,LITEN
314669576,1,88.911,LITEN
314683072,2,88.911,LITEN
311853260,3,88.911,LITEN
212009822,1,88.911,MEDIUM
312359391,2,62.020,LITEN
315216532,3,62.010,LITEN
311334387,1,62.010,LITEN
211404582,2,62.020,LITEN
315688191,3,62.010,LITEN
312143062,1,62.020,LITEN
315387035,2,62.010,STOR
315287022,3,62.020,LITEN
314742877,1,62.020,LITEN
315216664,2,62.010,LITEN
315849039,3,62.030,LITEN
311966413,1,86.101,MEDIUM
314987896,2,62.020,LITEN
315716675,3,62.010,LITEN
311555936,1,62.020,LITEN
214934442,2,62.020,LITEN
214791242,3,62.010,LITEN
311298836,1,62.010,LITEN
314935535,2,62.020,LITEN
214993112,3,62.020,STOR
314388461,1,62.010,LITEN
312385805,2,62.010,LITEN
315460581,3,62.020,MEDIUM
311514350,1,62.010,MEDIUM
315928508,2,62.020,MEDIUM
315264731,3,62.010,MEDIUM
312092530,1,62.010,LITEN
311225235,2,62.010,LITEN
315927617,3,62.020,LITEN
311251392,1,62.010,LITEN
311544624,2,62.010,LITEN
314457900,3,62.010,LITEN
311645668,1,62.020,LITEN
312317443,2,62.020,MEDIUM
315483654,3,62.020,LITEN
311647997,1,62.010,LITEN
311497758,2,62.010,LITEN
211992492,3,88.911,LITEN
314683676,1,88.911,LITEN
312297795,2,88.911,LITEN
311558366,3,88.911,LITEN
315870771,1,88.911,LITEN
311874209,2,88.911,LITEN
314529634,3,88.911,MEDIUM
311998463,1,88.911,LITEN
315204518,2,88.911,MEDIUM
315109191,3,88.911,LITEN
314671414,1,88.911,LITEN
314569512,2,88.911,LITEN
315386039,3,88.911,LITEN
315315204,1,88.911,LITEN
315346258,2,88.911,LITEN
311872990,3,88.911,LITEN
311958143,1,88.911,LITEN
315620716,2,88.911,LITEN
312008661,3,88.911,LITEN
314578058,1,88.911,LITEN
211998512,2,88.911,LITEN
311956612,3,88.911,MEDIUM
314573293,1,88.911,LITEN
314698274,2,88.911,LITEN
314454685,3,88.911,LITEN
312007460,1,88.911,MEDIUM
314670094,2,88.911,LITEN
211841702,3,88.911,LITEN
314536584,1,88.911,LITEN
311873865,2,88.911,MEDIUM
311632035,3,88.911,LITEN
314699777,1,88.911,LITEN
314565908,2,88.911,MEDIUM
311873032,3,88.911,LITEN
315202752,1,88.911,LITEN
314534956,2,88.911,MEDIUM
311854917,3,88.911,LITEN
314705165,1,88.911,LITEN
315708311,2,88.911,LITEN
314665333,3,88.911,MEDIUM
314774205,1,88.911,LITEN
311837710,2,88.911,LITEN
315096448,3,88.911,LITEN
311680056,1,88.911,MEDIUM
315308275,2,88.911,MEDIUM
214629062,3,88.911,LITEN
314699327,1,88.911,LITEN
315923034,2,88.911,MEDIUM
314934369,3,88.911,LITEN
311680668,1,88.911,MEDIUM
315510171,2,01.410,LITEN
314770455,3,01.500,LITEN
315206936,1,01.620,STOR
315320348,2,01.471,LITEN
311540726,3,01.500,LITEN
315206995,1,01.620,MEDIUM
211516402,2,01.110,LITEN
315624819,3,01.130,LITEN
314800834,1,01.240,LITEN
315192188,2,01.451,LITEN
315266963,3,01.451,LITEN
315368014,1,43.990,LITEN
311580965,2,01.190,LITEN
314604520,3,01.190,LITEN
315193303,1,01.700,LITEN
315314569,2,01.451,LITEN
314507061,3,84.230,MEDIUM
315799325,1,96.090,LITEN
314581792,2,01.610,LITEN
311899252,3,01.452,LITEN
215120872,1,62.020,MEDIUM
311267612,2,62.010,LITEN
315934982,3,62.020,LITEN
315927706,1,62.020,LITEN
312324989,2,62.020,LITEN
315092876,3,62.020,LITEN
311931415,1,62.020,LITEN
311916653,2,62.020,LITEN
311536699,3,62.010,LITEN
315721679,1,62.010,MEDIUM
311311697,2,62.010,LITEN
314792696,3,62.010,LITEN
314433971,1,62.020,MEDIUM
311517341,2,62.020,LITEN
211883502,3,62.020,LITEN
315242991,1,62.020,LITEN
311907921,2,62.010,LITEN
314443802,3,62.010,LITEN
314437179,1,62.020,LITEN
315394791,2,62.020,LITEN
314982266,3,62.020,LITEN
315427541,1,62.020,LITEN
311577166,2,62.020,STOR
215256952,3,62.010,LITEN
314502507,1,62.010,LITEN
315737834,2,62.010,LITEN
314434382,3,62.030,LITEN
315327164,1,62.020,LITEN
314933184,2,62.020,MEDIUM
311335138,3,62.020,MEDIUM
315884969,1,62.020,MEDIUM
311961896,2,62.010,LITEN
314994485,3,62.010,MEDIUM
311666657,1,62.030,MEDIUM
311661930,2,62.030,STOR
315464382,3,62.020,LITEN
314803051,1,62.010,MEDIUM
314992180,2,62.010,LITEN
215257762,3,62.020,MEDIUM
315901219,1,62.020,LITEN
311961047,2,62.010,STOR
311220497,3,62.010,LITEN
311238396,1,62.010,LITEN
311616382,2,62.010,LITEN
214985772,3,62.030,STOR
315011027,1,62.010,LITEN
311472046,2,62.020,STOR
311518135,3,62.010,STOR
315520053,1,62.010,LITEN
312292696,2,62.020,LITEN
314699858,3,88.911,MEDIUM
315512018,1,88.911,LITEN
212385972,2,88.911,LITEN
311874144,3,88.911,LITEN
311904221,1,88.911,LITEN
214578042,2,88.911,LITEN
315180600,3,88.911,MEDIUM
314613651,1,88.911,LITEN
315536111,2,88.911,LITEN
314697308,3,88.911,LITEN
214416352,1,88.911,LITEN
315883695,2,88.911,MEDIUM
314631749,3,88.911,MEDIUM
314662210,1,88.911,MEDIUM
314584112,2,88.911,LITEN
314683323,3,88.911,LITEN
314603001,1,88.911,LITEN
314661915,2,88.911,LITEN
314566386,3,88.911,MEDIUM
314629086,2,88.911,LITEN
314699793,3,88.911,LITEN
311682245,1,88.911,LITEN
314478444,2,88.911,LITEN
314603567,3,88.911,LITEN
314599012,1,88.911,LITEN
314697405,2,88.911,LITEN
314623452,3,88.911,LITEN
311852701,1,88.911,LITEN
314603931,2,88.911,LITEN
314587065,3,88.911,MEDIUM
211841982,1,88.911,LITEN
314627857,2,88.911,LITEN
311874225,3,88.911,LITEN
314575180,1,88.911,MEDIUM
314634853,2,88.911,MEDIUM
315380480,3,88.911,MEDIUM
314669517,1,88.911,LITEN
311943014,2,88.911,LITEN
315108411,3,88.911,LITEN
314583396,1,88.911,MEDIUM
314660153,2,88.911,LITEN
314581369,3,88.911,LITEN
314627598,1,88.911,LITEN
315458684,2,88.911,LITEN
312335980,3,88.911,MEDIUM
314636678,1,88.911,MEDIUM
314664744,2,88.911,LITEN
315108330,3,88.911,LITEN
314554027,1,88.911,MEDIUM
315203813,2,03.111,LITEN
214570912,3,03.222,MEDIUM
311463772,1,03.211,LITEN
315469147,2,03.222,LITEN
314570995,3,10.209,MEDIUM
311391887,1,03.111,LITEN
312347563,2,03.211,LITEN
311569481,3,03.211,LITEN
314571290,1,03.211,MEDIUM
314412990,2,03.211,LITEN
314809297,3,03.111,LITEN
315349435,1,03.211,LITEN
314459040,2,03.213,LITEN
314897587,3,62.020,MEDIUM
311904639,1,62.010,MEDIUM
311303783,2,62.020,LITEN
315805015,3,62.020,LITEN
314434056,1,62.020,LITEN
315850827,2,62.010,LITEN
315133327,3,62.020,LITEN
311892487,1,62.010,LITEN
314762207,2,62.020,LITEN
311960768,3,62.010,LITEN
315759366,1,62.020,LITEN
315849063,2,62.030,MEDIUM
315673852,3,62.020,LITEN
315722160,1,62.010,LITEN
314812352,2,62.020,MEDIUM
315846099,3,62.020,MEDIUM
311625918,1,62.020,LITEN
315031850,2,62.020,MEDIUM
215297152,3,62.010,LITEN
211506032,1,62.020,LITEN
315145244,2,62.020,LITEN
314975146,3,62.010,MEDIUM
311288016,1,62.010,LITEN
311661892,2,62.030,MEDIUM
314570111,3,88.911,LITEN
311625802,1,88.911,MEDIUM
311849352,2,88.911,LITEN
314813170,3,88.911,MEDIUM
314666828,1,88.911,LITEN
214633582,2,88.911,LITEN
314699254,3,88.911,MEDIUM
214616432,1,88.911,LITEN
314704320,2,88.911,LITEN
311997440,3,88.911,LITEN
311438743,1,88.911,LITEN
314615522,2,88.911,LITEN
314704967,3,88.911,LITEN
314552784,1,88.911,LITEN
314581342,2,88.911,LITEN
314628489,3,88.911,LITEN
314661397,1,88.911,LITEN
312380714,2,88.911,LITEN
311571907,3,88.911,MEDIUM
314596102,1,88.911,LITEN
314672623,2,88.911,LITEN
315282942,3,88.911,LITEN
315772923,1,88.911,MEDIUM
315072751,2,88.911,MEDIUM
311982761,3,88.911,LITEN
311419072,1,88.911,LITEN
311852620,2,88.911,LITEN
314628802,3,88.911,LITEN
314703634,1,88.911,MEDIUM
314564960,2,88.911,LITEN
315939275,3,88.911,MEDIUM
314638158,1,88.911,LITEN
315544548,2,88.911,MEDIUM
314597095,3,88.911,LITEN
314595793,1,88.911,LITEN
214625512,2,88.911,MEDIUM
314704452,3,88.911,LITEN
315744873,1,88.911,LITEN
311419102,2,88.911,LITEN
314800346,3,88.911,LITEN
314703774,1,88.911,LITEN
314670434,2,88.911,MEDIUM
314539125,3,88.911,LITEN
312112248,1,88.911,MEDIUM
211560452,2,88.911,LITEN
214631822,3,88.911,LITEN
314527232,1,88.911,LITEN
311980815,2,88.911,MEDIUM
312009803,3,88.911,LITEN
315521017,1,88.911,LITEN
315362997,2,01.460,LITEN
311394355,3,01.410,LITEN
315840562,1,01.130,LITEN
315907195,2,01.130,MEDIUM
314620895,3,01.110,LITEN
311346717,1,01.240,LITEN
312321904,2,01.240,LITEN
314764315,3,94.991,LITEN
314944666,1,01.240,LITEN
314385624,2,01.420,LITEN
315091861,3,01.460,LITEN
311636502,1,43.120,LITEN
315903270,2,01.410,LITEN
311317660,3,01.130,LITEN
315585759,1,01.410,LITEN
315040833,2,01.110,LITEN
311293982,3,01.110,LITEN
311242091,1,01.110,LITEN
311478656,2,01.130,LITEN
315654637,3,02.400,LITEN
314590848,1,02.200,LITEN
312142554,2,02.200,LITEN
311223925,3,02.400,LITEN
311940031,1,62.020,LITEN
311448722,2,62.020,LITEN
215608182,3,62.010,STOR
311228579,1,62.030,LITEN
311285211,2,62.020,LITEN
314944259,3,62.010,LITEN
315465966,1,62.010,LITEN
314892860,2,62.020,LITEN
314982274,3,62.020,LITEN
315086108,1,62.020,LITEN
314749340,2,62.010,LITEN
215810062,3,62.010,LITEN
315180619,1,62.020,LITEN
311643169,2,62.010,LITEN
314881982,3,62.020,LITEN
215849082,1,62.030,LITEN
312363933,2,62.010,LITEN
315052432,3,62.020,LITEN
315501334,1,86.101,MEDIUM
215266192,2,62.010,LITEN
311288032,3,62.010,LITEN
315879817,1,62.010,LITEN
311228528,2,62.010,MEDIUM
311595407,3,62.030,LITEN
214775972,1,62.020,LITEN
315731550,2,62.010,LITEN
311961217,3,62.010,LITEN
315669251,1,62.020,STOR
311491385,2,62.020,MEDIUM
314459512,3,62.020,LITEN
215099172,1,62.030,MEDIUM
311637576,2,62.010,LITEN
311317326,3,62.020,LITEN
315347548,1,62.010,LITEN
311661914,2,62.030,LITEN
315763401,3,62.020,LITEN
215192962,1,62.020,LITEN
315727766,2,62.020,MEDIUM
315231981,3,62.010,MEDIUM
311306634,1,62.020,LITEN
311244612,2,62.020,LITEN
211646012,3,62.010,LITEN
311533886,1,62.010,LITEN
311952374,2,62.010,LITEN
314670485,3,88.911,LITEN
314800168,1,88.911,LITEN
315762324,2,88.911,LITEN
314700120,3,88.911,LITEN
315306671,1,88.911,MEDIUM
311983040,2,88.911,LITEN
311304143,3,88.911,MEDIUM
314629388,1,88.911,MEDIUM
315486866,2,88.911,LITEN
311558382,3,88.911,MEDIUM
214634112,1,88.911,LITEN
315878705,2,88.911,LITEN
312371642,3,88.911,LITEN
314527801,1,88.911,MEDIUM
314617037,2,88.911,LITEN
314635906,3,88.911,LITEN
315380499,1,88.911,LITEN
312346664,3,88.911,LITEN
214697572,1,88.911,MEDIUM
315543282,2,88.911,LITEN
314604857,3,88.911,MEDIUM
314707796,1,88.911,LITEN
211983302,2,88.911,MEDIUM
315595150,3,88.911,LITEN
314537041,1,88.911,LITEN
311455850,2,88.911,LITEN
214582422,3,88.911,LITEN
314622901,1,88.911,MEDIUM
314800370,2,88.911,MEDIUM
314708598,3,88.911,MEDIUM
314548396,1,88.911,LITEN
314634675,2,88.911,MEDIUM
315380502,3,88.911,LITEN
314629094,1,88.911,MEDIUM
315381304,2,88.911,LITEN
315552036,3,88.911,LITEN
314683269,1,88.911,LITEN
314683153,2,88.911,LITEN
315109272,3,88.911,LITEN
314597079,1,88.911,LITEN
314629876,2,88.911,LITEN
211987642,3,88.911,LITEN
314635922,1,88.911,LITEN
314597044,2,88.911,LITEN
311872397,3,88.911,LITEN
314682270,1,88.911,LITEN
312008300,2,88.911,LITEN
314599039,3,88.911,LITEN
311874063,1,88.911,LITEN
314493621,2,01.620,LITEN
311965069,3,88.993,LITEN
314602331,1,01.610,LITEN
311585835,2,01.410,LITEN
315057132,3,01.240,LITEN
315785723,1,01.240,MEDIUM
311913662,2,01.130,LITEN
315119049,3,01.110,LITEN
314837363,1,01.130,STOR
312344807,2,01.620,LITEN
315889464,3,03.111,LITEN
315162785,1,03.111,LITEN
314984102,2,03.211,MEDIUM
311391143,3,03.211,STOR
315477050,1,03.111,LITEN
315930057,2,03.211,LITEN
315125235,3,03.211,MEDIUM
314773128,1,03.211,LITEN
311348116,2,03.111,LITEN
315154413,3,62.010,LITEN
315483646,1,62.020,LITEN
311374257,2,62.020,STOR
311394983,3,62.020,MEDIUM
315331447,1,62.010,LITEN
311548425,2,62.030,LITEN
311936190,3,62.010,LITEN
315909872,1,62.010,LITEN
312326566,2,62.020,LITEN
311546007,3,62.010,LITEN
315314046,1,62.010,LITEN
311634046,2,62.010,LITEN
315929539,3,62.020,LITEN
315520746,1,62.010,LITEN
315534542,2,62.020,LITEN
315694094,3,62.020,LITEN
315448875,1,62.030,MEDIUM
315253020,2,62.010,LITEN
315930758,3,62.020,LITEN
315537908,1,88.911,MEDIUM
312300591,2,88.911,LITEN
314608771,3,88.911,MEDIUM
311836536,1,88.911,LITEN
214629402,2,88.911,LITEN
214881462,3,88.911,LITEN
314603451,1,88.911,LITEN
314625994,2,88.911,MEDIUM
215253422,3,88.911,LITEN
315324467,1,88.911,MEDIUM
214602822,2,88.911,LITEN
214671212,3,88.911,LITEN
314662717,1,88.911,LITEN
314547659,2,88.911,LITEN
315891418,3,88.911,LITEN
314698983,1,88.911,LITEN
314527224,2,88.911,MEDIUM
314699203,3,88.911,MEDIUM
314533364,1,88.911,MEDIUM
314616308,2,88.911,MEDIUM
314581628,3,88.911,MEDIUM
314633326,1,88.911,LITEN
314747372,2,88.911,LITEN
311854542,3,88.911,LITEN
314800397,1,88.911,LITEN
212009792,2,88.911,MEDIUM
311995464,3,88.911,LITEN
311404806,1,88.911,MEDIUM
311872303,2,88.911,MEDIUM
311519875,3,88.911,LITEN
314577299,1,88.911,MEDIUM
314661354,2,88.911,MEDIUM
315439736,3,88.911,MEDIUM
214598272,1,88.911,LITEN
314705696,2,88.911,LITEN
315381398,3,88.911,LITEN
315338751,1,88.911,MEDIUM
311653342,2,88.911,LITEN
214619482,3,88.911,LITEN
311664786,1,88.911,LITEN
312147807,2,88.911,MEDIUM
315342295,3,88.911,LITEN
314532244,1,88.911,MEDIUM
311993518,2,88.911,MEDIUM
314672801,3,88.911,LITEN
311985922,1,88.911,MEDIUM
314585798,2,88.911,LITEN
314672348,3,88.911,MEDIUM
314635523,1,88.911,LITEN
311993585,2,88.911,LITEN
312130785,3,01.110,LITEN
315702917,1,01.420,LITEN
315206987,2,01.620,MEDIUM
315266882,3,01.410,LITEN
315919215,1,02.100,LITEN
212312002,2,02.200,LITEN
315004810,3,88.911,LITEN
312099640,1,01.410,LITEN
315514894,2,55.101,LITEN
314824407,3,01.130,LITEN
215504352,1,01.190,LITEN
312310678,2,49.410,LITEN
315576172,3,43.120,LITEN
315817722,1,01.130,MEDIUM
311958690,2,01.610,LITEN
312025485,3,06.100,STOR
311951327,1,06.100,MEDIUM
315194148,2,49.320,LITEN
311589199,1,02.400,LITEN
314865235,1,62.010,STOR
315290627,2,62.010,LITEN
211413662,3,62.020,LITEN
311202871,1,62.010,MEDIUM
311896814,2,62.020,LITEN
312143070,3,62.020,LITEN
311671561,1,62.010,LITEN
314833198,2,62.020,MEDIUM
315031818,3,62.020,LITEN
315336228,1,62.020,LITEN
311413732,2,62.020,LITEN
311397672,3,62.020,LITEN
314808681,1,62.020,LITEN
211318902,2,62.020,LITEN
315120780,3,62.010,LITEN
311246909,1,62.010,LITEN
314431227,2,62.020,LITEN
315059550,3,62.010,LITEN
311356038,1,62.020,LITEN
311906097,2,62.010,LITEN
315031842,3,62.020,MEDIUM
315738598,1,62.010,LITEN
311226711,2,62.020,LITEN
311642014,3,62.020,LITEN
315029481,1,62.020,LITEN
314778804,2,62.020,LITEN
311461583,3,62.020,LITEN
315456223,1,62.020,LITEN
311683543,2,62.010,LITEN
315611806,3,62.020,LITEN
311640585,1,62.020,LITEN
315208262,2,62.020,LITEN
315021782,3,62.010,MEDIUM
211640782,1,62.010,LITEN
315395941,2,62.020,LITEN
311517333,3,62.020,MEDIUM
315489016,1,62.020,LITEN
315241189,2,62.010,MEDIUM
315272157,3,10.110,LITEN
311984268,1,62.010,LITEN
315431638,2,62.020,LITEN
215880842,3,62.010,LITEN
311343491,1,62.010,LITEN
315216516,2,62.010,LITEN
311297651,3,62.010,LITEN
315032601,1,62.010,MEDIUM
315018927,2,62.030,LITEN
311312618,3,62.020,LITEN
314933958,1,62.030,LITEN
311518526,2,62.020,LITEN
314683374,3,88.911,LITEN
311872915,1,88.911,LITEN
314625846,2,88.911,MEDIUM
214666472,3,88.911,LITEN
211480262,1,88.911,MEDIUM
311209647,2,88.911,LITEN
214666022,3,88.911,MEDIUM
311874306,1,88.911,MEDIUM
215769712,2,88.911,MEDIUM
314594738,3,88.911,LITEN
311854593,1,88.911,LITEN
214675412,2,88.911,MEDIUM
314630009,3,88.911,MEDIUM
314629663,1,88.911,LITEN
314898761,2,88.911,LITEN
312007584,3,88.911,MEDIUM
314626214,1,88.911,MEDIUM
311998951,2,88.911,LITEN
314527194,3,88.911,MEDIUM
214666952,1,88.911,MEDIUM
314605519,2,88.911,LITEN
314582675,3,88.911,LITEN
314671562,1,88.911,LITEN
314627377,2,88.911,LITEN
314668243,3,88.911,LITEN
314661400,1,88.911,MEDIUM
311872788,2,88.911,LITEN
311956787,3,88.911,MEDIUM
212320242,1,88.911,MEDIUM
314530322,2,88.911,LITEN
312294192,3,88.911,LITEN
314665309,1,88.911,LITEN
315439752,2,88.911,LITEN
311852426,3,88.911,MEDIUM
314800184,1,88.911,LITEN
311992333,2,88.911,LITEN
315855039,3,88.911,MEDIUM
314856155,1,88.911,LITEN
314582470,2,88.911,LITEN
312007703,3,88.911,LITEN
314636430,1,88.911,LITEN
311852892,2,88.911,LITEN
311873466,3,88.911,MEDIUM
314667808,1,88.911,MEDIUM
315513960,2,88.911,LITEN
314634802,3,88.911,MEDIUM
311852884,1,88.911,LITEN
314550226,2,88.911,MEDIUM
214619512,3,88.911,MEDIUM
315665477,1,88.911,LITEN
315243556,2,62.020,LITEN
311971840,3,62.030,MEDIUM
312370352,1,62.010,LITEN
311536702,2,62.010,STOR
311926357,3,62.010,LITEN
311361325,1,62.020,LITEN
315270545,2,62.010,LITEN
315763711,3,62.020,LITEN
215037002,1,62.010,LITEN
311541609,2,62.020,MEDIUM
311639994,3,62.010,LITEN
315578892,1,62.020,LITEN
214404052,2,62.010,LITEN
311266713,3,62.020,LITEN
314855736,1,62.020,LITEN
311289896,2,62.020,LITEN
312019809,3,20.300,LITEN
315337496,1,62.010,LITEN
311302329,2,84.240,LITEN
314864786,3,62.020,MEDIUM
311652192,1,62.010,LITEN
311625357,2,62.020,MEDIUM
312387506,3,62.020,LITEN
311514083,1,62.010,MEDIUM
314850076,2,62.010,LITEN
314461460,3,62.020,LITEN
311395769,1,62.020,LITEN
311374338,2,62.020,MEDIUM
314860470,3,62.010,LITEN
311292692,1,62.010,LITEN
311349619,2,62.020,LITEN
314417186,3,88.911,LITEN
314576055,1,88.911,LITEN
312009811,2,88.911,MEDIUM
315350964,3,88.911,LITEN
311674595,1,88.911,LITEN
314587251,2,88.911,MEDIUM
314676297,3,88.911,LITEN
314625595,1,88.911,LITEN
215733432,2,88.911,LITEN
311841653,3,88.911,LITEN
311838385,1,88.911,MEDIUM
312013673,2,88.911,LITEN
314605594,3,88.911,LITEN
314621700,1,88.911,LITEN
312296152,2,88.911,LITEN
314595742,3,88.911,LITEN
311653202,1,88.911,LITEN
311873725,2,88.911,MEDIUM
314582489,3,88.911,LITEN
314703766,1,88.911,LITEN
314584260,2,88.911,LITEN
314792580,3,88.911,LITEN
312006405,1,88.911,LITEN
315120934,2,88.911,MEDIUM
311852922,3,88.911,LITEN
314670701,1,88.911,LITEN
314666992,2,88.911,LITEN
311993119,3,88.911,LITEN
314800125,1,88.911,MEDIUM
311872567,2,88.911,LITEN
315763827,3,88.911,MEDIUM
312006294,1,88.911,MEDIUM
314627628,2,88.911,MEDIUM
311915363,3,88.911,MEDIUM
311872192,1,88.911,MEDIUM
314545540,2,88.911,LITEN
314537718,3,88.911,LITEN
314674537,1,88.911,LITEN
315217717,2,88.911,MEDIUM
211657952,3,88.911,LITEN
311986473,1,88.911,MEDIUM
214595052,2,88.911,LITEN
214598302,3,88.911,MEDIUM
315477344,1,88.911,LITEN
315446309,2,88.911,LITEN
315380561,3,88.911,MEDIUM
214672782,1,88.911,LITEN
314561570,2,88.911,LITEN
314584295,3,88.911,LITEN
311653393,1,88.911,LITEN
315197090,2,01.130,LITEN
315093414,3,01.110,LITEN
311924567,1,01.130,LITEN
312371960,2,01.240,LITEN
315482224,3,01.300,LITEN
314802314,1,01.500,LITEN
315222885,2,01.190,LITEN
215026892,3,01.410,LITEN
315458544,1,01.410,LITEN
211400552,2,01.451,LITEN
315656206,3,01.410,LITEN
314881958,1,01.110,LITEN
311940244,2,01.451,LITEN
311871005,3,01.430,LITEN
311555197,1,01.110,LITEN
314772520,2,01.620,LITEN
314866525,3,01.410,LITEN
315761751,1,01.190,LITEN
315632994,2,01.452,LITEN
315419786,3,01.479,LITEN